file,line,type,commit,author,date,time,timezone,datetime,depth,length
style.css,1,css,557cffbf,DH4533,2026-04-10,16:54:16,-07:00,2026-04-10T16:54:16-07:00,0,5
style.css,2,css,557cffbf,DH4533,2026-04-10,16:54:16,-07:00,2026-04-10T16:54:16-07:00,1,31
style.css,3,css,557cffbf,DH4533,2026-04-10,16:54:16,-07:00,2026-04-10T16:54:16-07:00,0,0
style.css,4,css,557cffbf,DH4533,2026-04-10,16:54:16,-07:00,2026-04-10T16:54:16-07:00,0,0
style.css,5,css,557cffbf,DH4533,2026-04-10,16:54:16,-07:00,2026-04-10T16:54:16-07:00,0,4
style.css,6,css,557cffbf,DH4533,2026-04-10,16:54:16,-07:00,2026-04-10T16:54:16-07:00,1,32
style.css,7,css,557cffbf,DH4533,2026-04-10,16:54:16,-07:00,2026-04-10T16:54:16-07:00,0,0
style.css,8,css,557cffbf,DH4533,2026-04-10,16:54:16,-07:00,2026-04-10T16:54:16-07:00,0,0
style.css,9,css,42f9fd73,DH4533,2026-04-03,20:49:30,-07:00,2026-04-03T20:49:30-07:00,0,4
style.css,10,css,42f9fd73,DH4533,2026-04-03,20:49:30,-07:00,2026-04-03T20:49:30-07:00,1,43
style.css,11,css,42f9fd73,DH4533,2026-04-03,20:49:30,-07:00,2026-04-03T20:49:30-07:00,0,42
style.css,12,css,42f9fd73,DH4533,2026-04-03,20:49:30,-07:00,2026-04-03T20:49:30-07:00,0,0
style.css,13,css,42f9fd73,DH4533,2026-04-03,20:49:30,-07:00,2026-04-03T20:49:30-07:00,1,23
style.css,14,css,557cffbf,DH4533,2026-04-10,16:54:16,-07:00,2026-04-10T16:54:16-07:00,0,0
style.css,15,css,557cffbf,DH4533,2026-04-10,16:54:16,-07:00,2026-04-10T16:54:16-07:00,1,15
style.css,16,css,557cffbf,DH4533,2026-04-10,16:54:16,-07:00,2026-04-10T16:54:16-07:00,1,18
style.css,17,css,557cffbf,DH4533,2026-04-10,16:54:16,-07:00,2026-04-10T16:54:16-07:00,1,12
style.css,18,css,557cffbf,DH4533,2026-04-10,16:54:16,-07:00,2026-04-10T16:54:16-07:00,0,0
style.css,19,css,557cffbf,DH4533,2026-04-10,16:54:16,-07:00,2026-04-10T16:54:16-07:00,0,0
style.css,20,css,557cffbf,DH4533,2026-04-10,16:54:16,-07:00,2026-04-10T16:54:16-07:00,0,5
style.css,21,css,557cffbf,DH4533,2026-04-10,16:54:16,-07:00,2026-04-10T16:54:16-07:00,0,6
style.css,22,css,557cffbf,DH4533,2026-04-10,16:54:16,-07:00,2026-04-10T16:54:16-07:00,1,16
style.css,23,css,557cffbf,DH4533,2026-04-10,16:54:16,-07:00,2026-04-10T16:54:16-07:00,0,0
style.css,24,css,557cffbf,DH4533,2026-04-10,16:54:16,-07:00,2026-04-10T16:54:16-07:00,0,0
style.css,25,css,557cffbf,DH4533,2026-04-10,16:54:16,-07:00,2026-04-10T16:54:16-07:00,0,3
style.css,26,css,557cffbf,DH4533,2026-04-10,16:54:16,-07:00,2026-04-10T16:54:16-07:00,1,12
style.css,27,css,557cffbf,DH4533,2026-04-10,16:54:16,-07:00,2026-04-10T16:54:16-07:00,1,18
style.css,28,css,557cffbf,DH4533,2026-04-10,16:54:16,-07:00,2026-04-10T16:54:16-07:00,1,41
style.css,29,css,557cffbf,DH4533,2026-04-10,16:54:16,-07:00,2026-04-10T16:54:16-07:00,0,0
style.css,30,css,557cffbf,DH4533,2026-04-10,16:54:16,-07:00,2026-04-10T16:54:16-07:00,0,0
style.css,31,css,557cffbf,DH4533,2026-04-10,16:54:16,-07:00,2026-04-10T16:54:16-07:00,0,5
style.css,32,css,557cffbf,DH4533,2026-04-10,16:54:16,-07:00,2026-04-10T16:54:16-07:00,1,6
style.css,33,css,557cffbf,DH4533,2026-04-10,16:54:16,-07:00,2026-04-10T16:54:16-07:00,1,20
style.css,34,css,557cffbf,DH4533,2026-04-10,16:54:16,-07:00,2026-04-10T16:54:16-07:00,1,13
style.css,35,css,557cffbf,DH4533,2026-04-10,16:54:16,-07:00,2026-04-10T16:54:16-07:00,1,17
style.css,36,css,557cffbf,DH4533,2026-04-10,16:54:16,-07:00,2026-04-10T16:54:16-07:00,1,13
style.css,37,css,557cffbf,DH4533,2026-04-10,16:54:16,-07:00,2026-04-10T16:54:16-07:00,0,0
style.css,38,css,557cffbf,DH4533,2026-04-10,16:54:16,-07:00,2026-04-10T16:54:16-07:00,0,0
style.css,39,css,557cffbf,DH4533,2026-04-10,16:54:16,-07:00,2026-04-10T16:54:16-07:00,0,13
style.css,40,css,557cffbf,DH4533,2026-04-10,16:54:16,-07:00,2026-04-10T16:54:16-07:00,1,43
style.css,41,css,557cffbf,DH4533,2026-04-10,16:54:16,-07:00,2026-04-10T16:54:16-07:00,1,20
style.css,42,css,557cffbf,DH4533,2026-04-10,16:54:16,-07:00,2026-04-10T16:54:16-07:00,0,0
style.css,43,css,557cffbf,DH4533,2026-04-10,16:54:16,-07:00,2026-04-10T16:54:16-07:00,0,0
style.css,44,css,557cffbf,DH4533,2026-04-10,16:54:16,-07:00,2026-04-10T16:54:16-07:00,0,11
style.css,45,css,557cffbf,DH4533,2026-04-10,16:54:16,-07:00,2026-04-10T16:54:16-07:00,1,45
style.css,46,css,557cffbf,DH4533,2026-04-10,16:54:16,-07:00,2026-04-10T16:54:16-07:00,1,57
style.css,47,css,557cffbf,DH4533,2026-04-10,16:54:16,-07:00,2026-04-10T16:54:16-07:00,0,0
style.css,48,css,557cffbf,DH4533,2026-04-10,16:54:16,-07:00,2026-04-10T16:54:16-07:00,0,0
style.css,49,css,557cffbf,DH4533,2026-04-10,16:54:16,-07:00,2026-04-10T16:54:16-07:00,0,4
style.css,50,css,557cffbf,DH4533,2026-04-10,16:54:16,-07:00,2026-04-10T16:54:16-07:00,1,12
style.css,51,css,557cffbf,DH4533,2026-04-10,16:54:16,-07:00,2026-04-10T16:54:16-07:00,1,30
style.css,52,css,557cffbf,DH4533,2026-04-10,16:54:16,-07:00,2026-04-10T16:54:16-07:00,1,7
style.css,53,css,557cffbf,DH4533,2026-04-10,16:54:16,-07:00,2026-04-10T16:54:16-07:00,0,0
style.css,54,css,557cffbf,DH4533,2026-04-10,16:54:16,-07:00,2026-04-10T16:54:16-07:00,0,0
style.css,55,css,557cffbf,DH4533,2026-04-10,16:54:16,-07:00,2026-04-10T16:54:16-07:00,0,5
style.css,56,css,557cffbf,DH4533,2026-04-10,16:54:16,-07:00,2026-04-10T16:54:16-07:00,1,12
style.css,57,css,557cffbf,DH4533,2026-04-10,16:54:16,-07:00,2026-04-10T16:54:16-07:00,1,29
style.css,58,css,557cffbf,DH4533,2026-04-10,16:54:16,-07:00,2026-04-10T16:54:16-07:00,1,18
style.css,59,css,557cffbf,DH4533,2026-04-10,16:54:16,-07:00,2026-04-10T16:54:16-07:00,0,0
style.css,60,css,557cffbf,DH4533,2026-04-10,16:54:16,-07:00,2026-04-10T16:54:16-07:00,0,0
style.css,61,css,557cffbf,DH4533,2026-04-10,16:54:16,-07:00,2026-04-10T16:54:16-07:00,0,4
style.css,62,css,557cffbf,DH4533,2026-04-10,16:54:16,-07:00,2026-04-10T16:54:16-07:00,0,7
style.css,63,css,557cffbf,DH4533,2026-04-10,16:54:16,-07:00,2026-04-10T16:54:16-07:00,0,6
style.css,64,css,557cffbf,DH4533,2026-04-10,16:54:16,-07:00,2026-04-10T16:54:16-07:00,1,12
style.css,65,css,557cffbf,DH4533,2026-04-10,16:54:16,-07:00,2026-04-10T16:54:16-07:00,0,0
style.css,66,css,557cffbf,DH4533,2026-04-10,16:54:16,-07:00,2026-04-10T16:54:16-07:00,0,0
style.css,67,css,557cffbf,DH4533,2026-04-10,16:54:16,-07:00,2026-04-10T16:54:16-07:00,0,4
style.css,68,css,557cffbf,DH4533,2026-04-10,16:54:16,-07:00,2026-04-10T16:54:16-07:00,0,8
style.css,69,css,557cffbf,DH4533,2026-04-10,16:54:16,-07:00,2026-04-10T16:54:16-07:00,1,10
style.css,70,css,557cffbf,DH4533,2026-04-10,16:54:16,-07:00,2026-04-10T16:54:16-07:00,1,21
style.css,71,css,557cffbf,DH4533,2026-04-10,16:54:16,-07:00,2026-04-10T16:54:16-07:00,0,0
style.css,72,css,557cffbf,DH4533,2026-04-10,16:54:16,-07:00,2026-04-10T16:54:16-07:00,0,0
style.css,73,css,557cffbf,DH4533,2026-04-10,16:54:16,-07:00,2026-04-10T16:54:16-07:00,0,6
style.css,74,css,557cffbf,DH4533,2026-04-10,16:54:16,-07:00,2026-04-10T16:54:16-07:00,1,18
style.css,75,css,557cffbf,DH4533,2026-04-10,16:54:16,-07:00,2026-04-10T16:54:16-07:00,0,0
style.css,76,css,557cffbf,DH4533,2026-04-10,16:54:16,-07:00,2026-04-10T16:54:16-07:00,0,0
style.css,77,css,557cffbf,DH4533,2026-04-10,16:54:16,-07:00,2026-04-10T16:54:16-07:00,0,9
style.css,78,css,557cffbf,DH4533,2026-04-10,16:54:16,-07:00,2026-04-10T16:54:16-07:00,1,12
style.css,79,css,557cffbf,DH4533,2026-04-10,16:54:16,-07:00,2026-04-10T16:54:16-07:00,1,58
style.css,80,css,557cffbf,DH4533,2026-04-10,16:54:16,-07:00,2026-04-10T16:54:16-07:00,1,7
style.css,81,css,557cffbf,DH4533,2026-04-10,16:54:16,-07:00,2026-04-10T16:54:16-07:00,0,0
style.css,82,css,557cffbf,DH4533,2026-04-10,16:54:16,-07:00,2026-04-10T16:54:16-07:00,0,0
style.css,83,css,557cffbf,DH4533,2026-04-10,16:54:16,-07:00,2026-04-10T16:54:16-07:00,0,17
style.css,84,css,557cffbf,DH4533,2026-04-10,16:54:16,-07:00,2026-04-10T16:54:16-07:00,1,12
style.css,85,css,557cffbf,DH4533,2026-04-10,16:54:16,-07:00,2026-04-10T16:54:16-07:00,1,26
style.css,86,css,557cffbf,DH4533,2026-04-10,16:54:16,-07:00,2026-04-10T16:54:16-07:00,1,15
style.css,87,css,557cffbf,DH4533,2026-04-10,16:54:16,-07:00,2026-04-10T16:54:16-07:00,1,7
style.css,88,css,557cffbf,DH4533,2026-04-10,16:54:16,-07:00,2026-04-10T16:54:16-07:00,0,0
style.css,89,css,557cffbf,DH4533,2026-04-10,16:54:16,-07:00,2026-04-10T16:54:16-07:00,0,0
style.css,90,css,557cffbf,DH4533,2026-04-10,16:54:16,-07:00,2026-04-10T16:54:16-07:00,0,12
style.css,91,css,557cffbf,DH4533,2026-04-10,16:54:16,-07:00,2026-04-10T16:54:16-07:00,1,8
style.css,92,css,557cffbf,DH4533,2026-04-10,16:54:16,-07:00,2026-04-10T16:54:16-07:00,0,0
style.css,93,css,557cffbf,DH4533,2026-04-10,16:54:16,-07:00,2026-04-10T16:54:16-07:00,0,0
style.css,94,css,557cffbf,DH4533,2026-04-10,16:54:16,-07:00,2026-04-10T16:54:16-07:00,0,13
style.css,95,css,557cffbf,DH4533,2026-04-10,16:54:16,-07:00,2026-04-10T16:54:16-07:00,1,10
style.css,96,css,557cffbf,DH4533,2026-04-10,16:54:16,-07:00,2026-04-10T16:54:16-07:00,1,11
style.css,97,css,557cffbf,DH4533,2026-04-10,16:54:16,-07:00,2026-04-10T16:54:16-07:00,0,0
style.css,98,css,557cffbf,DH4533,2026-04-10,16:54:16,-07:00,2026-04-10T16:54:16-07:00,0,0
style.css,99,css,557cffbf,DH4533,2026-04-10,16:54:16,-07:00,2026-04-10T16:54:16-07:00,0,2
style.css,100,css,557cffbf,DH4533,2026-04-10,16:54:16,-07:00,2026-04-10T16:54:16-07:00,1,14
style.css,101,css,557cffbf,DH4533,2026-04-10,16:54:16,-07:00,2026-04-10T16:54:16-07:00,0,0
style.css,102,css,557cffbf,DH4533,2026-04-10,16:54:16,-07:00,2026-04-10T16:54:16-07:00,0,0
style.css,103,css,557cffbf,DH4533,2026-04-10,16:54:16,-07:00,2026-04-10T16:54:16-07:00,0,22
style.css,104,css,557cffbf,DH4533,2026-04-10,16:54:16,-07:00,2026-04-10T16:54:16-07:00,1,15
style.css,105,css,557cffbf,DH4533,2026-04-10,16:54:16,-07:00,2026-04-10T16:54:16-07:00,1,17
style.css,106,css,3ad6b48b,DH4533,2026-04-10,22:30:52,-07:00,2026-04-10T22:30:52-07:00,0,0
style.css,107,css,3ad6b48b,DH4533,2026-04-10,22:30:52,-07:00,2026-04-10T22:30:52-07:00,0,0
style.css,108,css,3ad6b48b,DH4533,2026-04-10,22:30:52,-07:00,2026-04-10T22:30:52-07:00,0,7
style.css,109,css,3ad6b48b,DH4533,2026-04-10,22:30:52,-07:00,2026-04-10T22:30:52-07:00,1,18
style.css,110,css,3ad6b48b,DH4533,2026-04-10,22:30:52,-07:00,2026-04-10T22:30:52-07:00,0,0
style.css,111,css,3ad6b48b,DH4533,2026-04-10,22:30:52,-07:00,2026-04-10T22:30:52-07:00,0,0
style.css,112,css,3ad6b48b,DH4533,2026-04-10,22:30:52,-07:00,2026-04-10T22:30:52-07:00,0,7
style.css,113,css,3ad6b48b,DH4533,2026-04-10,22:30:52,-07:00,2026-04-10T22:30:52-07:00,1,20
style.css,114,css,3ad6b48b,DH4533,2026-04-10,22:30:52,-07:00,2026-04-10T22:30:52-07:00,0,0
style.css,115,css,3ad6b48b,DH4533,2026-04-10,22:30:52,-07:00,2026-04-10T22:30:52-07:00,0,0
style.css,116,css,3ad6b48b,DH4533,2026-04-10,22:30:52,-07:00,2026-04-10T22:30:52-07:00,0,14
style.css,117,css,3ad6b48b,DH4533,2026-04-10,22:30:52,-07:00,2026-04-10T22:30:52-07:00,1,12
style.css,118,css,3ad6b48b,DH4533,2026-04-10,22:30:52,-07:00,2026-04-10T22:30:52-07:00,1,14
style.css,119,css,3ad6b48b,DH4533,2026-04-10,22:30:52,-07:00,2026-04-10T22:30:52-07:00,1,29
style.css,120,css,3ad6b48b,DH4533,2026-04-10,22:30:52,-07:00,2026-04-10T22:30:52-07:00,1,20
style.css,121,css,3ad6b48b,DH4533,2026-04-10,22:30:52,-07:00,2026-04-10T22:30:52-07:00,1,9
style.css,122,css,3ad6b48b,DH4533,2026-04-10,22:30:52,-07:00,2026-04-10T22:30:52-07:00,0,0
style.css,123,css,3ad6b48b,DH4533,2026-04-10,22:30:52,-07:00,2026-04-10T22:30:52-07:00,0,0
style.css,124,css,3ad6b48b,DH4533,2026-04-10,22:30:52,-07:00,2026-04-10T22:30:52-07:00,0,10
style.css,125,css,3ad6b48b,DH4533,2026-04-10,22:30:52,-07:00,2026-04-10T22:30:52-07:00,1,8
style.css,126,css,3ad6b48b,DH4533,2026-04-10,22:30:52,-07:00,2026-04-10T22:30:52-07:00,0,0
style.css,127,css,3ad6b48b,DH4533,2026-04-10,22:30:52,-07:00,2026-04-10T22:30:52-07:00,0,0
style.css,128,css,3ad6b48b,DH4533,2026-04-10,22:30:52,-07:00,2026-04-10T22:30:52-07:00,0,16
style.css,129,css,3ad6b48b,DH4533,2026-04-10,22:30:52,-07:00,2026-04-10T22:30:52-07:00,1,8
style.css,130,css,3ad6b48b,DH4533,2026-04-10,22:30:52,-07:00,2026-04-10T22:30:52-07:00,1,10
style.css,131,css,3ad6b48b,DH4533,2026-04-10,22:30:52,-07:00,2026-04-10T22:30:52-07:00,0,0
style.css,132,css,3ad6b48b,DH4533,2026-04-10,22:30:52,-07:00,2026-04-10T22:30:52-07:00,0,0
style.css,133,css,3ad6b48b,DH4533,2026-04-10,22:30:52,-07:00,2026-04-10T22:30:52-07:00,0,4
style.css,134,css,3ad6b48b,DH4533,2026-04-10,22:30:52,-07:00,2026-04-10T22:30:52-07:00,1,10
style.css,135,css,3ad6b48b,DH4533,2026-04-10,22:30:52,-07:00,2026-04-10T22:30:52-07:00,1,15
style.css,136,css,3ad6b48b,DH4533,2026-04-10,22:30:52,-07:00,2026-04-10T22:30:52-07:00,0,0
style.css,137,css,3ad6b48b,DH4533,2026-04-10,22:30:52,-07:00,2026-04-10T22:30:52-07:00,0,0
style.css,138,css,3ad6b48b,DH4533,2026-04-10,22:30:52,-07:00,2026-04-10T22:30:52-07:00,0,2
style.css,139,css,3ad6b48b,DH4533,2026-04-10,22:30:52,-07:00,2026-04-10T22:30:52-07:00,1,16
style.css,140,css,3ad6b48b,DH4533,2026-04-10,22:30:52,-07:00,2026-04-10T22:30:52-07:00,1,18
style.css,141,css,3ad6b48b,DH4533,2026-04-10,22:30:52,-07:00,2026-04-10T22:30:52-07:00,0,0
style.css,142,css,3ad6b48b,DH4533,2026-04-10,22:30:52,-07:00,2026-04-10T22:30:52-07:00,0,0
style.css,143,css,3ad6b48b,DH4533,2026-04-10,22:30:52,-07:00,2026-04-10T22:30:52-07:00,0,2
style.css,144,css,3ad6b48b,DH4533,2026-04-10,22:30:52,-07:00,2026-04-10T22:30:52-07:00,1,19
style.css,145,css,3ad6b48b,DH4533,2026-04-10,22:30:52,-07:00,2026-04-10T22:30:52-07:00,0,0
style.css,146,css,3ad6b48b,DH4533,2026-04-10,22:30:52,-07:00,2026-04-10T22:30:52-07:00,0,0
style.css,147,css,3ad6b48b,DH4533,2026-04-10,22:30:52,-07:00,2026-04-10T22:30:52-07:00,0,7
style.css,148,css,3ad6b48b,DH4533,2026-04-10,22:30:52,-07:00,2026-04-10T22:30:52-07:00,1,41
style.css,149,css,3ad6b48b,DH4533,2026-04-10,22:30:52,-07:00,2026-04-10T22:30:52-07:00,1,16
style.css,150,css,58bedbe8,DH4533,2026-04-17,21:03:58,-07:00,2026-04-17T21:03:58-07:00,0,0
style.css,151,css,58bedbe8,DH4533,2026-04-17,21:03:58,-07:00,2026-04-17T21:03:58-07:00,0,0
style.css,152,css,58bedbe8,DH4533,2026-04-17,21:03:58,-07:00,2026-04-17T21:03:58-07:00,0,4
style.css,153,css,58bedbe8,DH4533,2026-04-17,21:03:58,-07:00,2026-04-17T21:03:58-07:00,1,23
style.css,154,css,58bedbe8,DH4533,2026-04-17,21:03:58,-07:00,2026-04-17T21:03:58-07:00,0,0
style.css,155,css,58bedbe8,DH4533,2026-04-17,21:03:58,-07:00,2026-04-17T21:03:58-07:00,0,0
style.css,156,css,58bedbe8,DH4533,2026-04-17,21:03:58,-07:00,2026-04-17T21:03:58-07:00,0,3
style.css,157,css,58bedbe8,DH4533,2026-04-17,21:03:58,-07:00,2026-04-17T21:03:58-07:00,1,39
style.css,158,css,58bedbe8,DH4533,2026-04-17,21:03:58,-07:00,2026-04-17T21:03:58-07:00,1,43
style.css,159,css,58bedbe8,DH4533,2026-04-17,21:03:58,-07:00,2026-04-17T21:03:58-07:00,0,0
style.css,160,css,58bedbe8,DH4533,2026-04-17,21:03:58,-07:00,2026-04-17T21:03:58-07:00,0,0
style.css,161,css,58bedbe8,DH4533,2026-04-17,21:03:58,-07:00,2026-04-17T21:03:58-07:00,0,11
style.css,162,css,58bedbe8,DH4533,2026-04-17,21:03:58,-07:00,2026-04-17T21:03:58-07:00,1,69
style.css,163,css,58bedbe8,DH4533,2026-04-17,21:03:58,-07:00,2026-04-17T21:03:58-07:00,0,0
style.css,164,css,58bedbe8,DH4533,2026-04-17,21:03:58,-07:00,2026-04-17T21:03:58-07:00,0,0
style.css,165,css,58bedbe8,DH4533,2026-04-17,21:03:58,-07:00,2026-04-17T21:03:58-07:00,0,13
style.css,166,css,58bedbe8,DH4533,2026-04-17,21:03:58,-07:00,2026-04-17T21:03:58-07:00,1,17
style.css,167,css,58bedbe8,DH4533,2026-04-17,21:03:58,-07:00,2026-04-17T21:03:58-07:00,1,8
style.css,168,css,58bedbe8,DH4533,2026-04-17,21:03:58,-07:00,2026-04-17T21:03:58-07:00,1,10
style.css,169,css,58bedbe8,DH4533,2026-04-17,21:03:58,-07:00,2026-04-17T21:03:58-07:00,1,13
style.css,170,css,58bedbe8,DH4533,2026-04-17,21:03:58,-07:00,2026-04-17T21:03:58-07:00,0,0
style.css,171,css,58bedbe8,DH4533,2026-04-17,21:03:58,-07:00,2026-04-17T21:03:58-07:00,0,0
style.css,172,css,58bedbe8,DH4533,2026-04-17,21:03:58,-07:00,2026-04-17T21:03:58-07:00,0,6
style.css,173,css,58bedbe8,DH4533,2026-04-17,21:03:58,-07:00,2026-04-17T21:03:58-07:00,1,12
style.css,174,css,2438e44a,DH4533,2026-04-24,20:42:51,-07:00,2026-04-24T20:42:51-07:00,0,0
style.css,175,css,2438e44a,DH4533,2026-04-24,20:42:51,-07:00,2026-04-24T20:42:51-07:00,0,0
style.css,176,css,2438e44a,DH4533,2026-04-24,20:42:51,-07:00,2026-04-24T20:42:51-07:00,0,17
style.css,177,css,2438e44a,DH4533,2026-04-24,20:42:51,-07:00,2026-04-24T20:42:51-07:00,1,12
style.css,178,css,2438e44a,DH4533,2026-04-24,20:42:51,-07:00,2026-04-24T20:42:51-07:00,1,36
style.css,179,css,2438e44a,DH4533,2026-04-24,20:42:51,-07:00,2026-04-24T20:42:51-07:00,1,17
style.css,180,css,2438e44a,DH4533,2026-04-24,20:42:51,-07:00,2026-04-24T20:42:51-07:00,0,0
style.css,181,css,2438e44a,DH4533,2026-04-24,20:42:51,-07:00,2026-04-24T20:42:51-07:00,0,0
style.css,182,css,2438e44a,DH4533,2026-04-24,20:42:51,-07:00,2026-04-24T20:42:51-07:00,0,17
style.css,183,css,2438e44a,DH4533,2026-04-24,20:42:51,-07:00,2026-04-24T20:42:51-07:00,1,10
style.css,184,css,2438e44a,DH4533,2026-04-24,20:42:51,-07:00,2026-04-24T20:42:51-07:00,1,16
style.css,185,css,2438e44a,DH4533,2026-04-24,20:42:51,-07:00,2026-04-24T20:42:51-07:00,0,0
style.css,186,css,2438e44a,DH4533,2026-04-24,20:42:51,-07:00,2026-04-24T20:42:51-07:00,0,0
style.css,187,css,2438e44a,DH4533,2026-04-24,20:42:51,-07:00,2026-04-24T20:42:51-07:00,0,17
style.css,188,css,2438e44a,DH4533,2026-04-24,20:42:51,-07:00,2026-04-24T20:42:51-07:00,1,10
style.css,189,css,2438e44a,DH4533,2026-04-24,20:42:51,-07:00,2026-04-24T20:42:51-07:00,1,8
style.css,190,css,aefc2e1b,DH4533,2026-05-01,19:21:30,-07:00,2026-05-01T19:21:30-07:00,0,0
style.css,191,css,aefc2e1b,DH4533,2026-05-01,19:21:30,-07:00,2026-05-01T19:21:30-07:00,0,0
style.css,192,css,b86f178b,DH4533,2026-05-09,14:56:43,-07:00,2026-05-09T14:56:43-07:00,0,18
style.css,193,css,b86f178b,DH4533,2026-05-09,14:56:43,-07:00,2026-05-09T14:56:43-07:00,1,14
style.css,194,css,b86f178b,DH4533,2026-05-09,14:56:43,-07:00,2026-05-09T14:56:43-07:00,1,16
style.css,195,css,b86f178b,DH4533,2026-05-09,14:56:43,-07:00,2026-05-09T14:56:43-07:00,0,0
style.css,196,css,b86f178b,DH4533,2026-05-09,14:56:43,-07:00,2026-05-09T14:56:43-07:00,1,16
style.css,197,css,b86f178b,DH4533,2026-05-09,14:56:43,-07:00,2026-05-09T14:56:43-07:00,0,0
style.css,198,css,b86f178b,DH4533,2026-05-09,14:56:43,-07:00,2026-05-09T14:56:43-07:00,0,0
style.css,199,css,aefc2e1b,DH4533,2026-05-01,19:21:30,-07:00,2026-05-01T19:21:30-07:00,0,10
style.css,200,css,aefc2e1b,DH4533,2026-05-01,19:21:30,-07:00,2026-05-01T19:21:30-07:00,1,12
style.css,201,css,aefc2e1b,DH4533,2026-05-01,19:21:30,-07:00,2026-05-01T19:21:30-07:00,1,18
style.css,202,css,aefc2e1b,DH4533,2026-05-01,19:21:30,-07:00,2026-05-01T19:21:30-07:00,1,7
style.css,203,css,aefc2e1b,DH4533,2026-05-01,19:21:30,-07:00,2026-05-01T19:21:30-07:00,0,0
style.css,204,css,aefc2e1b,DH4533,2026-05-01,19:21:30,-07:00,2026-05-01T19:21:30-07:00,0,0
style.css,205,css,aefc2e1b,DH4533,2026-05-01,19:21:30,-07:00,2026-05-01T19:21:30-07:00,0,7
style.css,206,css,aefc2e1b,DH4533,2026-05-01,19:21:30,-07:00,2026-05-01T19:21:30-07:00,1,12
style.css,207,css,aefc2e1b,DH4533,2026-05-01,19:21:30,-07:00,2026-05-01T19:21:30-07:00,1,57
style.css,208,css,aefc2e1b,DH4533,2026-05-01,19:21:30,-07:00,2026-05-01T19:21:30-07:00,1,7
style.css,209,css,b86f178b,DH4533,2026-05-09,14:56:43,-07:00,2026-05-09T14:56:43-07:00,1,6
style.css,210,css,aefc2e1b,DH4533,2026-05-01,19:21:30,-07:00,2026-05-01T19:21:30-07:00,1,11
style.css,211,css,aefc2e1b,DH4533,2026-05-01,19:21:30,-07:00,2026-05-01T19:21:30-07:00,1,21
style.css,212,css,aefc2e1b,DH4533,2026-05-01,19:21:30,-07:00,2026-05-01T19:21:30-07:00,0,0
style.css,213,css,aefc2e1b,DH4533,2026-05-01,19:21:30,-07:00,2026-05-01T19:21:30-07:00,0,0
style.css,214,css,b86f178b,DH4533,2026-05-09,14:56:43,-07:00,2026-05-09T14:56:43-07:00,0,10
style.css,215,css,aefc2e1b,DH4533,2026-05-01,19:21:30,-07:00,2026-05-01T19:21:30-07:00,1,12
style.css,216,css,aefc2e1b,DH4533,2026-05-01,19:21:30,-07:00,2026-05-01T19:21:30-07:00,1,18
style.css,217,css,aefc2e1b,DH4533,2026-05-01,19:21:30,-07:00,2026-05-01T19:21:30-07:00,1,9
style.css,218,css,aefc2e1b,DH4533,2026-05-01,19:21:30,-07:00,2026-05-01T19:21:30-07:00,0,0
style.css,219,css,aefc2e1b,DH4533,2026-05-01,19:21:30,-07:00,2026-05-01T19:21:30-07:00,0,0
style.css,220,css,aefc2e1b,DH4533,2026-05-01,19:21:30,-07:00,2026-05-01T19:21:30-07:00,0,7
style.css,221,css,aefc2e1b,DH4533,2026-05-01,19:21:30,-07:00,2026-05-01T19:21:30-07:00,1,9
style.css,222,css,aefc2e1b,DH4533,2026-05-01,19:21:30,-07:00,2026-05-01T19:21:30-07:00,1,18
style.css,223,css,b86f178b,DH4533,2026-05-09,14:56:43,-07:00,2026-05-09T14:56:43-07:00,1,23
style.css,224,css,b86f178b,DH4533,2026-05-09,14:56:43,-07:00,2026-05-09T14:56:43-07:00,1,20
style.css,225,css,b86f178b,DH4533,2026-05-09,14:56:43,-07:00,2026-05-09T14:56:43-07:00,1,17
style.css,226,css,aefc2e1b,DH4533,2026-05-01,19:21:30,-07:00,2026-05-01T19:21:30-07:00,0,0
style.css,227,css,aefc2e1b,DH4533,2026-05-01,19:21:30,-07:00,2026-05-01T19:21:30-07:00,0,0
style.css,228,css,aefc2e1b,DH4533,2026-05-01,19:21:30,-07:00,2026-05-01T19:21:30-07:00,0,4
style.css,229,css,aefc2e1b,DH4533,2026-05-01,19:21:30,-07:00,2026-05-01T19:21:30-07:00,1,14
style.css,230,css,aefc2e1b,DH4533,2026-05-01,19:21:30,-07:00,2026-05-01T19:21:30-07:00,1,16
style.css,231,css,aefc2e1b,DH4533,2026-05-01,19:21:30,-07:00,2026-05-01T19:21:30-07:00,0,0
style.css,232,css,aefc2e1b,DH4533,2026-05-01,19:21:30,-07:00,2026-05-01T19:21:30-07:00,0,0
style.css,233,css,b86f178b,DH4533,2026-05-09,14:56:43,-07:00,2026-05-09T14:56:43-07:00,0,36
style.css,234,css,aefc2e1b,DH4533,2026-05-01,19:21:30,-07:00,2026-05-01T19:21:30-07:00,1,11
style.css,235,css,aefc2e1b,DH4533,2026-05-01,19:21:30,-07:00,2026-05-01T19:21:30-07:00,0,0
style.css,236,css,aefc2e1b,DH4533,2026-05-01,19:21:30,-07:00,2026-05-01T19:21:30-07:00,0,0
style.css,237,css,aefc2e1b,DH4533,2026-05-01,19:21:30,-07:00,2026-05-01T19:21:30-07:00,0,9
style.css,238,css,b86f178b,DH4533,2026-05-09,14:56:43,-07:00,2026-05-09T14:56:43-07:00,1,49
style.css,239,css,aefc2e1b,DH4533,2026-05-01,19:21:30,-07:00,2026-05-01T19:21:30-07:00,0,0
style.css,240,css,aefc2e1b,DH4533,2026-05-01,19:21:30,-07:00,2026-05-01T19:21:30-07:00,0,0
style.css,241,css,b86f178b,DH4533,2026-05-09,14:56:43,-07:00,2026-05-09T14:56:43-07:00,0,18
style.css,242,css,aefc2e1b,DH4533,2026-05-01,19:21:30,-07:00,2026-05-01T19:21:30-07:00,1,17
style.css,243,css,42f9fd73,DH4533,2026-04-03,20:49:30,-07:00,2026-04-03T20:49:30-07:00,0,0
index.js,1,js,2438e44a,DH4533,2026-04-24,20:42:51,-07:00,2026-04-24T20:42:51-07:00,0,71
index.js,2,js,2438e44a,DH4533,2026-04-24,20:42:51,-07:00,2026-04-24T20:42:51-07:00,0,0
index.js,3,js,2438e44a,DH4533,2026-04-24,20:42:51,-07:00,2026-04-24T20:42:51-07:00,0,19
index.js,4,js,2438e44a,DH4533,2026-04-24,20:42:51,-07:00,2026-04-24T20:42:51-07:00,0,54
index.js,5,js,2438e44a,DH4533,2026-04-24,20:42:51,-07:00,2026-04-24T20:42:51-07:00,0,0
index.js,6,js,2438e44a,DH4533,2026-04-24,20:42:51,-07:00,2026-04-24T20:42:51-07:00,0,21
index.js,7,js,2438e44a,DH4533,2026-04-24,20:42:51,-07:00,2026-04-24T20:42:51-07:00,0,43
index.js,8,js,2438e44a,DH4533,2026-04-24,20:42:51,-07:00,2026-04-24T20:42:51-07:00,0,0
index.js,9,js,2438e44a,DH4533,2026-04-24,20:42:51,-07:00,2026-04-24T20:42:51-07:00,0,29
index.js,10,js,2438e44a,DH4533,2026-04-24,20:42:51,-07:00,2026-04-24T20:42:51-07:00,0,60
index.js,11,js,2438e44a,DH4533,2026-04-24,20:42:51,-07:00,2026-04-24T20:42:51-07:00,0,0
index.js,12,js,2438e44a,DH4533,2026-04-24,20:42:51,-07:00,2026-04-24T20:42:51-07:00,0,12
index.js,13,js,2438e44a,DH4533,2026-04-24,20:42:51,-07:00,2026-04-24T20:42:51-07:00,0,54
index.js,14,js,2438e44a,DH4533,2026-04-24,20:42:51,-07:00,2026-04-24T20:42:51-07:00,0,0
index.js,15,js,2438e44a,DH4533,2026-04-24,20:42:51,-07:00,2026-04-24T20:42:51-07:00,0,49
index.js,16,js,2438e44a,DH4533,2026-04-24,20:42:51,-07:00,2026-04-24T20:42:51-07:00,0,0
index.js,17,js,2438e44a,DH4533,2026-04-24,20:42:51,-07:00,2026-04-24T20:42:51-07:00,0,60
index.js,18,js,2438e44a,DH4533,2026-04-24,20:42:51,-07:00,2026-04-24T20:42:51-07:00,0,0
index.js,19,js,2438e44a,DH4533,2026-04-24,20:42:51,-07:00,2026-04-24T20:42:51-07:00,0,31
index.js,20,js,2438e44a,DH4533,2026-04-24,20:42:51,-07:00,2026-04-24T20:42:51-07:00,1,24
index.js,21,js,2438e44a,DH4533,2026-04-24,20:42:51,-07:00,2026-04-24T20:42:51-07:00,2,2
index.js,22,js,2438e44a,DH4533,2026-04-24,20:42:51,-07:00,2026-04-24T20:42:51-07:00,3,55
index.js,23,js,2438e44a,DH4533,2026-04-24,20:42:51,-07:00,2026-04-24T20:42:51-07:00,3,55
index.js,24,js,2438e44a,DH4533,2026-04-24,20:42:51,-07:00,2026-04-24T20:42:51-07:00,3,49
index.js,25,js,2438e44a,DH4533,2026-04-24,20:42:51,-07:00,2026-04-24T20:42:51-07:00,3,49
index.js,26,js,2438e44a,DH4533,2026-04-24,20:42:51,-07:00,2026-04-24T20:42:51-07:00,2,3
index.js,27,js,2438e44a,DH4533,2026-04-24,20:42:51,-07:00,2026-04-24T20:42:51-07:00,1,0
index.js,28,js,2438e44a,DH4533,2026-04-24,20:42:51,-07:00,2026-04-24T20:42:51-07:00,0,0
index.html,1,html,a16072bb,DH4533,2026-04-03,19:24:20,-07:00,2026-04-03T19:24:20-07:00,0,13
index.html,2,html,a16072bb,DH4533,2026-04-03,19:24:20,-07:00,2026-04-03T19:24:20-07:00,0,14
index.html,3,html,a16072bb,DH4533,2026-04-03,19:24:20,-07:00,2026-04-03T19:24:20-07:00,0,4
index.html,4,html,a16072bb,DH4533,2026-04-03,19:24:20,-07:00,2026-04-03T19:24:20-07:00,2,20
index.html,5,html,a16072bb,DH4533,2026-04-03,19:24:20,-07:00,2026-04-03T19:24:20-07:00,2,68
index.html,6,html,a16072bb,DH4533,2026-04-03,19:24:20,-07:00,2026-04-03T19:24:20-07:00,2,54
index.html,7,html,42f9fd73,DH4533,2026-04-03,20:49:30,-07:00,2026-04-03T20:49:30-07:00,2,38
index.html,8,html,58bedbe8,DH4533,2026-04-17,21:03:58,-07:00,2026-04-17T21:03:58-07:00,2,45
index.html,9,html,2438e44a,DH4533,2026-04-24,20:42:51,-07:00,2026-04-24T20:42:51-07:00,2,50
index.html,10,html,a16072bb,DH4533,2026-04-03,19:24:20,-07:00,2026-04-03T19:24:20-07:00,0,5
index.html,11,html,a16072bb,DH4533,2026-04-03,19:24:20,-07:00,2026-04-03T19:24:20-07:00,0,4
index.html,12,html,a16072bb,DH4533,2026-04-03,19:24:20,-07:00,2026-04-03T19:24:20-07:00,2,19
index.html,13,html,a16072bb,DH4533,2026-04-03,19:24:20,-07:00,2026-04-03T19:24:20-07:00,2,42
index.html,14,html,2438e44a,DH4533,2026-04-24,20:42:51,-07:00,2026-04-24T20:42:51-07:00,2,19
index.html,15,html,2438e44a,DH4533,2026-04-24,20:42:51,-07:00,2026-04-24T20:42:51-07:00,2,28
index.html,16,html,2438e44a,DH4533,2026-04-24,20:42:51,-07:00,2026-04-24T20:42:51-07:00,2,22
index.html,17,html,2438e44a,DH4533,2026-04-24,20:42:51,-07:00,2026-04-24T20:42:51-07:00,2,26
index.html,18,html,42f9fd73,DH4533,2026-04-03,20:49:30,-07:00,2026-04-03T20:49:30-07:00,2,83
index.html,19,html,a16072bb,DH4533,2026-04-03,19:24:20,-07:00,2026-04-03T19:24:20-07:00,0,5
index.html,20,html,a16072bb,DH4533,2026-04-03,19:24:20,-07:00,2026-04-03T19:24:20-07:00,0,5
global.js,1,js,58bedbe8,DH4533,2026-04-17,21:03:58,-07:00,2026-04-17T21:03:58-07:00,0,25
global.js,2,js,58bedbe8,DH4533,2026-04-17,21:03:58,-07:00,2026-04-17T21:03:58-07:00,0,0
global.js,3,js,58bedbe8,DH4533,2026-04-17,21:03:58,-07:00,2026-04-17T21:03:58-07:00,0,41
global.js,4,js,58bedbe8,DH4533,2026-04-17,21:03:58,-07:00,2026-04-17T21:03:58-07:00,1,52
global.js,5,js,58bedbe8,DH4533,2026-04-17,21:03:58,-07:00,2026-04-17T21:03:58-07:00,0,0
global.js,6,js,58bedbe8,DH4533,2026-04-17,21:03:58,-07:00,2026-04-17T21:03:58-07:00,0,0
global.js,7,js,58bedbe8,DH4533,2026-04-17,21:03:58,-07:00,2026-04-17T21:03:58-07:00,0,11
global.js,8,js,58bedbe8,DH4533,2026-04-17,21:03:58,-07:00,2026-04-17T21:03:58-07:00,0,11
global.js,9,js,58bedbe8,DH4533,2026-04-17,21:03:58,-07:00,2026-04-17T21:03:58-07:00,1,25
global.js,10,js,58bedbe8,DH4533,2026-04-17,21:03:58,-07:00,2026-04-17T21:03:58-07:00,1,38
global.js,11,js,58bedbe8,DH4533,2026-04-17,21:03:58,-07:00,2026-04-17T21:03:58-07:00,1,36
global.js,12,js,58bedbe8,DH4533,2026-04-17,21:03:58,-07:00,2026-04-17T21:03:58-07:00,1,34
global.js,13,js,00000000,Not Committed Yet,2026-05-09,15:32:50,-07:00,2026-05-09T15:32:50-07:00,1,30
global.js,14,js,58bedbe8,DH4533,2026-04-17,21:03:58,-07:00,2026-04-17T21:03:58-07:00,1,58
global.js,15,js,58bedbe8,DH4533,2026-04-17,21:03:58,-07:00,2026-04-17T21:03:58-07:00,0,0
global.js,16,js,58bedbe8,DH4533,2026-04-17,21:03:58,-07:00,2026-04-17T21:03:58-07:00,0,0
global.js,17,js,58bedbe8,DH4533,2026-04-17,21:03:58,-07:00,2026-04-17T21:03:58-07:00,0,11
global.js,18,js,58bedbe8,DH4533,2026-04-17,21:03:58,-07:00,2026-04-17T21:03:58-07:00,0,38
global.js,19,js,58bedbe8,DH4533,2026-04-17,21:03:58,-07:00,2026-04-17T21:03:58-07:00,0,25
global.js,20,js,58bedbe8,DH4533,2026-04-17,21:03:58,-07:00,2026-04-17T21:03:58-07:00,0,0
global.js,21,js,58bedbe8,DH4533,2026-04-17,21:03:58,-07:00,2026-04-17T21:03:58-07:00,0,34
global.js,22,js,58bedbe8,DH4533,2026-04-17,21:03:58,-07:00,2026-04-17T21:03:58-07:00,0,15
global.js,23,js,58bedbe8,DH4533,2026-04-17,21:03:58,-07:00,2026-04-17T21:03:58-07:00,1,70
global.js,24,js,58bedbe8,DH4533,2026-04-17,21:03:58,-07:00,2026-04-17T21:03:58-07:00,2,3
global.js,25,js,58bedbe8,DH4533,2026-04-17,21:03:58,-07:00,2026-04-17T21:03:58-07:00,2,48
global.js,26,js,58bedbe8,DH4533,2026-04-17,21:03:58,-07:00,2026-04-17T21:03:58-07:00,0,0
global.js,27,js,58bedbe8,DH4533,2026-04-17,21:03:58,-07:00,2026-04-17T21:03:58-07:00,0,13
global.js,28,js,58bedbe8,DH4533,2026-04-17,21:03:58,-07:00,2026-04-17T21:03:58-07:00,0,20
global.js,29,js,58bedbe8,DH4533,2026-04-17,21:03:58,-07:00,2026-04-17T21:03:58-07:00,1,14
global.js,30,js,58bedbe8,DH4533,2026-04-17,21:03:58,-07:00,2026-04-17T21:03:58-07:00,0,0
global.js,31,js,58bedbe8,DH4533,2026-04-17,21:03:58,-07:00,2026-04-17T21:03:58-07:00,1,19
global.js,32,js,58bedbe8,DH4533,2026-04-17,21:03:58,-07:00,2026-04-17T21:03:58-07:00,1,52
global.js,33,js,58bedbe8,DH4533,2026-04-17,21:03:58,-07:00,2026-04-17T21:03:58-07:00,0,0
global.js,34,js,58bedbe8,DH4533,2026-04-17,21:03:58,-07:00,2026-04-17T21:03:58-07:00,1,34
global.js,35,js,58bedbe8,DH4533,2026-04-17,21:03:58,-07:00,2026-04-17T21:03:58-07:00,1,11
global.js,36,js,58bedbe8,DH4533,2026-04-17,21:03:58,-07:00,2026-04-17T21:03:58-07:00,1,22
global.js,37,js,58bedbe8,DH4533,2026-04-17,21:03:58,-07:00,2026-04-17T21:03:58-07:00,0,0
global.js,38,js,58bedbe8,DH4533,2026-04-17,21:03:58,-07:00,2026-04-17T21:03:58-07:00,1,23
global.js,39,js,58bedbe8,DH4533,2026-04-17,21:03:58,-07:00,2026-04-17T21:03:58-07:00,1,17
global.js,40,js,58bedbe8,DH4533,2026-04-17,21:03:58,-07:00,2026-04-17T21:03:58-07:00,2,8
global.js,41,js,58bedbe8,DH4533,2026-04-17,21:03:58,-07:00,2026-04-17T21:03:58-07:00,2,58
global.js,42,js,58bedbe8,DH4533,2026-04-17,21:03:58,-07:00,2026-04-17T21:03:58-07:00,1,0
global.js,43,js,58bedbe8,DH4533,2026-04-17,21:03:58,-07:00,2026-04-17T21:03:58-07:00,0,0
global.js,44,js,58bedbe8,DH4533,2026-04-17,21:03:58,-07:00,2026-04-17T21:03:58-07:00,1,31
global.js,45,js,58bedbe8,DH4533,2026-04-17,21:03:58,-07:00,2026-04-17T21:03:58-07:00,1,29
global.js,46,js,58bedbe8,DH4533,2026-04-17,21:03:58,-07:00,2026-04-17T21:03:58-07:00,2,18
global.js,47,js,58bedbe8,DH4533,2026-04-17,21:03:58,-07:00,2026-04-17T21:03:58-07:00,1,0
global.js,48,js,58bedbe8,DH4533,2026-04-17,21:03:58,-07:00,2026-04-17T21:03:58-07:00,0,0
global.js,49,js,58bedbe8,DH4533,2026-04-17,21:03:58,-07:00,2026-04-17T21:03:58-07:00,1,12
global.js,50,js,58bedbe8,DH4533,2026-04-17,21:03:58,-07:00,2026-04-17T21:03:58-07:00,0,0
global.js,51,js,58bedbe8,DH4533,2026-04-17,21:03:58,-07:00,2026-04-17T21:03:58-07:00,0,0
global.js,52,js,58bedbe8,DH4533,2026-04-17,21:03:58,-07:00,2026-04-17T21:03:58-07:00,0,31
global.js,53,js,58bedbe8,DH4533,2026-04-17,21:03:58,-07:00,2026-04-17T21:03:58-07:00,1,11
global.js,54,js,58bedbe8,DH4533,2026-04-17,21:03:58,-07:00,2026-04-17T21:03:58-07:00,1,0
global.js,55,js,58bedbe8,DH4533,2026-04-17,21:03:58,-07:00,2026-04-17T21:03:58-07:00,1,26
global.js,56,js,58bedbe8,DH4533,2026-04-17,21:03:58,-07:00,2026-04-17T21:03:58-07:00,2,4
global.js,57,js,58bedbe8,DH4533,2026-04-17,21:03:58,-07:00,2026-04-17T21:03:58-07:00,2,6
global.js,58,js,58bedbe8,DH4533,2026-04-17,21:03:58,-07:00,2026-04-17T21:03:58-07:00,3,43
global.js,59,js,58bedbe8,DH4533,2026-04-17,21:03:58,-07:00,2026-04-17T21:03:58-07:00,3,34
global.js,60,js,58bedbe8,DH4533,2026-04-17,21:03:58,-07:00,2026-04-17T21:03:58-07:00,3,32
global.js,61,js,58bedbe8,DH4533,2026-04-17,21:03:58,-07:00,2026-04-17T21:03:58-07:00,2,7
global.js,62,js,58bedbe8,DH4533,2026-04-17,21:03:58,-07:00,2026-04-17T21:03:58-07:00,1,6
global.js,63,js,58bedbe8,DH4533,2026-04-17,21:03:58,-07:00,2026-04-17T21:03:58-07:00,0,0
global.js,64,js,58bedbe8,DH4533,2026-04-17,21:03:58,-07:00,2026-04-17T21:03:58-07:00,0,0
global.js,65,js,58bedbe8,DH4533,2026-04-17,21:03:58,-07:00,2026-04-17T21:03:58-07:00,0,0
global.js,66,js,58bedbe8,DH4533,2026-04-17,21:03:58,-07:00,2026-04-17T21:03:58-07:00,0,58
global.js,67,js,58bedbe8,DH4533,2026-04-17,21:03:58,-07:00,2026-04-17T21:03:58-07:00,0,0
global.js,68,js,58bedbe8,DH4533,2026-04-17,21:03:58,-07:00,2026-04-17T21:03:58-07:00,0,30
global.js,69,js,58bedbe8,DH4533,2026-04-17,21:03:58,-07:00,2026-04-17T21:03:58-07:00,1,64
global.js,70,js,58bedbe8,DH4533,2026-04-17,21:03:58,-07:00,2026-04-17T21:03:58-07:00,1,31
global.js,71,js,58bedbe8,DH4533,2026-04-17,21:03:58,-07:00,2026-04-17T21:03:58-07:00,0,0
global.js,72,js,58bedbe8,DH4533,2026-04-17,21:03:58,-07:00,2026-04-17T21:03:58-07:00,0,0
global.js,73,js,58bedbe8,DH4533,2026-04-17,21:03:58,-07:00,2026-04-17T21:03:58-07:00,0,43
global.js,74,js,58bedbe8,DH4533,2026-04-17,21:03:58,-07:00,2026-04-17T21:03:58-07:00,1,33
global.js,75,js,58bedbe8,DH4533,2026-04-17,21:03:58,-07:00,2026-04-17T21:03:58-07:00,0,1
global.js,76,js,58bedbe8,DH4533,2026-04-17,21:03:58,-07:00,2026-04-17T21:03:58-07:00,0,0
global.js,77,js,58bedbe8,DH4533,2026-04-17,21:03:58,-07:00,2026-04-17T21:03:58-07:00,0,34
global.js,78,js,58bedbe8,DH4533,2026-04-17,21:03:58,-07:00,2026-04-17T21:03:58-07:00,1,35
global.js,79,js,58bedbe8,DH4533,2026-04-17,21:03:58,-07:00,2026-04-17T21:03:58-07:00,1,20
global.js,80,js,58bedbe8,DH4533,2026-04-17,21:03:58,-07:00,2026-04-17T21:03:58-07:00,1,19
global.js,81,js,58bedbe8,DH4533,2026-04-17,21:03:58,-07:00,2026-04-17T21:03:58-07:00,0,0
global.js,82,js,58bedbe8,DH4533,2026-04-17,21:03:58,-07:00,2026-04-17T21:03:58-07:00,0,0
global.js,83,js,58bedbe8,DH4533,2026-04-17,21:03:58,-07:00,2026-04-17T21:03:58-07:00,0,40
global.js,84,js,58bedbe8,DH4533,2026-04-17,21:03:58,-07:00,2026-04-17T21:03:58-07:00,0,0
global.js,85,js,58bedbe8,DH4533,2026-04-17,21:03:58,-07:00,2026-04-17T21:03:58-07:00,0,43
global.js,86,js,58bedbe8,DH4533,2026-04-17,21:03:58,-07:00,2026-04-17T21:03:58-07:00,1,46
global.js,87,js,58bedbe8,DH4533,2026-04-17,21:03:58,-07:00,2026-04-17T21:03:58-07:00,0,0
global.js,88,js,58bedbe8,DH4533,2026-04-17,21:03:58,-07:00,2026-04-17T21:03:58-07:00,1,28
global.js,89,js,58bedbe8,DH4533,2026-04-17,21:03:58,-07:00,2026-04-17T21:03:58-07:00,0,0
global.js,90,js,58bedbe8,DH4533,2026-04-17,21:03:58,-07:00,2026-04-17T21:03:58-07:00,1,14
global.js,91,js,58bedbe8,DH4533,2026-04-17,21:03:58,-07:00,2026-04-17T21:03:58-07:00,0,0
global.js,92,js,58bedbe8,DH4533,2026-04-17,21:03:58,-07:00,2026-04-17T21:03:58-07:00,1,31
global.js,93,js,58bedbe8,DH4533,2026-04-17,21:03:58,-07:00,2026-04-17T21:03:58-07:00,2,50
global.js,94,js,58bedbe8,DH4533,2026-04-17,21:03:58,-07:00,2026-04-17T21:03:58-07:00,1,0
global.js,95,js,58bedbe8,DH4533,2026-04-17,21:03:58,-07:00,2026-04-17T21:03:58-07:00,0,0
global.js,96,js,58bedbe8,DH4533,2026-04-17,21:03:58,-07:00,2026-04-17T21:03:58-07:00,1,45
global.js,97,js,58bedbe8,DH4533,2026-04-17,21:03:58,-07:00,2026-04-17T21:03:58-07:00,0,0
global.js,98,js,58bedbe8,DH4533,2026-04-17,21:03:58,-07:00,2026-04-17T21:03:58-07:00,1,18
global.js,99,js,2438e44a,DH4533,2026-04-24,20:42:51,-07:00,2026-04-24T20:42:51-07:00,0,1
global.js,100,js,2438e44a,DH4533,2026-04-24,20:42:51,-07:00,2026-04-24T20:42:51-07:00,0,0
global.js,101,js,2438e44a,DH4533,2026-04-24,20:42:51,-07:00,2026-04-24T20:42:51-07:00,0,36
global.js,102,js,2438e44a,DH4533,2026-04-24,20:42:51,-07:00,2026-04-24T20:42:51-07:00,1,3
global.js,103,js,2438e44a,DH4533,2026-04-24,20:42:51,-07:00,2026-04-24T20:42:51-07:00,2,32
global.js,104,js,2438e44a,DH4533,2026-04-24,20:42:51,-07:00,2026-04-24T20:42:51-07:00,0,0
global.js,105,js,2438e44a,DH4533,2026-04-24,20:42:51,-07:00,2026-04-24T20:42:51-07:00,2,17
global.js,106,js,2438e44a,DH4533,2026-04-24,20:42:51,-07:00,2026-04-24T20:42:51-07:00,3,66
global.js,107,js,2438e44a,DH4533,2026-04-24,20:42:51,-07:00,2026-04-24T20:42:51-07:00,2,0
global.js,108,js,2438e44a,DH4533,2026-04-24,20:42:51,-07:00,2026-04-24T20:42:51-07:00,0,0
global.js,109,js,2438e44a,DH4533,2026-04-24,20:42:51,-07:00,2026-04-24T20:42:51-07:00,2,33
global.js,110,js,2438e44a,DH4533,2026-04-24,20:42:51,-07:00,2026-04-24T20:42:51-07:00,2,10
global.js,111,js,2438e44a,DH4533,2026-04-24,20:42:51,-07:00,2026-04-24T20:42:51-07:00,0,0
global.js,112,js,2438e44a,DH4533,2026-04-24,20:42:51,-07:00,2026-04-24T20:42:51-07:00,1,15
global.js,113,js,2438e44a,DH4533,2026-04-24,20:42:51,-07:00,2026-04-24T20:42:51-07:00,2,59
global.js,114,js,2438e44a,DH4533,2026-04-24,20:42:51,-07:00,2026-04-24T20:42:51-07:00,1,0
global.js,115,js,2438e44a,DH4533,2026-04-24,20:42:51,-07:00,2026-04-24T20:42:51-07:00,0,0
global.js,116,js,2438e44a,DH4533,2026-04-24,20:42:51,-07:00,2026-04-24T20:42:51-07:00,0,0
global.js,117,js,2438e44a,DH4533,2026-04-24,20:42:51,-07:00,2026-04-24T20:42:51-07:00,0,79
global.js,118,js,2438e44a,DH4533,2026-04-24,20:42:51,-07:00,2026-04-24T20:42:51-07:00,1,28
global.js,119,js,2438e44a,DH4533,2026-04-24,20:42:51,-07:00,2026-04-24T20:42:51-07:00,0,0
global.js,120,js,2438e44a,DH4533,2026-04-24,20:42:51,-07:00,2026-04-24T20:42:51-07:00,1,30
global.js,121,js,2438e44a,DH4533,2026-04-24,20:42:51,-07:00,2026-04-24T20:42:51-07:00,0,0
global.js,122,js,2438e44a,DH4533,2026-04-24,20:42:51,-07:00,2026-04-24T20:42:51-07:00,1,29
global.js,123,js,2438e44a,DH4533,2026-04-24,20:42:51,-07:00,2026-04-24T20:42:51-07:00,2,48
global.js,124,js,2438e44a,DH4533,2026-04-24,20:42:51,-07:00,2026-04-24T20:42:51-07:00,0,0
global.js,125,js,2438e44a,DH4533,2026-04-24,20:42:51,-07:00,2026-04-24T20:42:51-07:00,2,19
global.js,126,js,2438e44a,DH4533,2026-04-24,20:42:51,-07:00,2026-04-24T20:42:51-07:00,3,49
global.js,127,js,2438e44a,DH4533,2026-04-24,20:42:51,-07:00,2026-04-24T20:42:51-07:00,3,49
global.js,128,js,2438e44a,DH4533,2026-04-24,20:42:51,-07:00,2026-04-24T20:42:51-07:00,3,27
global.js,129,js,2438e44a,DH4533,2026-04-24,20:42:51,-07:00,2026-04-24T20:42:51-07:00,2,0
global.js,130,js,2438e44a,DH4533,2026-04-24,20:42:51,-07:00,2026-04-24T20:42:51-07:00,0,0
global.js,131,js,2438e44a,DH4533,2026-04-24,20:42:51,-07:00,2026-04-24T20:42:51-07:00,2,36
global.js,132,js,2438e44a,DH4533,2026-04-24,20:42:51,-07:00,2026-04-24T20:42:51-07:00,1,0
global.js,133,js,2438e44a,DH4533,2026-04-24,20:42:51,-07:00,2026-04-24T20:42:51-07:00,0,0
global.js,134,js,2438e44a,DH4533,2026-04-24,20:42:51,-07:00,2026-04-24T20:42:51-07:00,0,0
global.js,135,js,2438e44a,DH4533,2026-04-24,20:42:51,-07:00,2026-04-24T20:42:51-07:00,0,47
global.js,136,js,2438e44a,DH4533,2026-04-24,20:42:51,-07:00,2026-04-24T20:42:51-07:00,1,59
global.js,137,js,2438e44a,DH4533,2026-04-24,20:42:51,-07:00,2026-04-24T20:42:51-07:00,0,0
resume/index.html,1,html,42f9fd73,DH4533,2026-04-03,20:49:30,-07:00,2026-04-03T20:49:30-07:00,0,13
resume/index.html,2,html,42f9fd73,DH4533,2026-04-03,20:49:30,-07:00,2026-04-03T20:49:30-07:00,0,14
resume/index.html,3,html,42f9fd73,DH4533,2026-04-03,20:49:30,-07:00,2026-04-03T20:49:30-07:00,0,4
resume/index.html,4,html,42f9fd73,DH4533,2026-04-03,20:49:30,-07:00,2026-04-03T20:49:30-07:00,2,20
resume/index.html,5,html,42f9fd73,DH4533,2026-04-03,20:49:30,-07:00,2026-04-03T20:49:30-07:00,2,68
resume/index.html,6,html,42f9fd73,DH4533,2026-04-03,20:49:30,-07:00,2026-04-03T20:49:30-07:00,2,19
resume/index.html,7,html,42f9fd73,DH4533,2026-04-03,20:49:30,-07:00,2026-04-03T20:49:30-07:00,2,41
resume/index.html,8,html,58bedbe8,DH4533,2026-04-17,21:03:58,-07:00,2026-04-17T21:03:58-07:00,2,48
resume/index.html,9,html,42f9fd73,DH4533,2026-04-03,20:49:30,-07:00,2026-04-03T20:49:30-07:00,0,5
resume/index.html,10,html,42f9fd73,DH4533,2026-04-03,20:49:30,-07:00,2026-04-03T20:49:30-07:00,0,4
resume/index.html,11,html,42f9fd73,DH4533,2026-04-03,20:49:30,-07:00,2026-04-03T20:49:30-07:00,2,19
resume/index.html,12,html,42f9fd73,DH4533,2026-04-03,20:49:30,-07:00,2026-04-03T20:49:30-07:00,0,0
resume/index.html,13,html,42f9fd73,DH4533,2026-04-03,20:49:30,-07:00,2026-04-03T20:49:30-07:00,0,7
resume/index.html,14,html,42f9fd73,DH4533,2026-04-03,20:49:30,-07:00,2026-04-03T20:49:30-07:00,2,16
resume/index.html,15,html,42f9fd73,DH4533,2026-04-03,20:49:30,-07:00,2026-04-03T20:49:30-07:00,2,40
resume/index.html,16,html,42f9fd73,DH4533,2026-04-03,20:49:30,-07:00,2026-04-03T20:49:30-07:00,2,25
resume/index.html,17,html,42f9fd73,DH4533,2026-04-03,20:49:30,-07:00,2026-04-03T20:49:30-07:00,2,22
resume/index.html,18,html,42f9fd73,DH4533,2026-04-03,20:49:30,-07:00,2026-04-03T20:49:30-07:00,0,8
resume/index.html,19,html,1af54b40,DH4533,2026-04-04,13:17:56,-07:00,2026-04-04T13:17:56-07:00,0,0
resume/index.html,20,html,3ad6b48b,DH4533,2026-04-10,22:30:52,-07:00,2026-04-10T22:30:52-07:00,0,7
resume/index.html,21,html,3ad6b48b,DH4533,2026-04-10,22:30:52,-07:00,2026-04-10T22:30:52-07:00,1,17
resume/index.html,22,html,3ad6b48b,DH4533,2026-04-10,22:30:52,-07:00,2026-04-10T22:30:52-07:00,0,0
resume/index.html,23,html,3ad6b48b,DH4533,2026-04-10,22:30:52,-07:00,2026-04-10T22:30:52-07:00,1,7
resume/index.html,24,html,3ad6b48b,DH4533,2026-04-10,22:30:52,-07:00,2026-04-10T22:30:52-07:00,2,6
resume/index.html,25,html,3ad6b48b,DH4533,2026-04-10,22:30:52,-07:00,2026-04-10T22:30:52-07:00,3,38
resume/index.html,26,html,3ad6b48b,DH4533,2026-04-10,22:30:52,-07:00,2026-04-10T22:30:52-07:00,3,65
resume/index.html,27,html,3ad6b48b,DH4533,2026-04-10,22:30:52,-07:00,2026-04-10T22:30:52-07:00,3,19
resume/index.html,28,html,3ad6b48b,DH4533,2026-04-10,22:30:52,-07:00,2026-04-10T22:30:52-07:00,3,34
resume/index.html,29,html,3ad6b48b,DH4533,2026-04-10,22:30:52,-07:00,2026-04-10T22:30:52-07:00,2,7
resume/index.html,30,html,3ad6b48b,DH4533,2026-04-10,22:30:52,-07:00,2026-04-10T22:30:52-07:00,0,0
resume/index.html,31,html,3ad6b48b,DH4533,2026-04-10,22:30:52,-07:00,2026-04-10T22:30:52-07:00,2,2
resume/index.html,32,html,3ad6b48b,DH4533,2026-04-10,22:30:52,-07:00,2026-04-10T22:30:52-07:00,3,177
resume/index.html,33,html,3ad6b48b,DH4533,2026-04-10,22:30:52,-07:00,2026-04-10T22:30:52-07:00,3,166
resume/index.html,34,html,3ad6b48b,DH4533,2026-04-10,22:30:52,-07:00,2026-04-10T22:30:52-07:00,3,130
resume/index.html,35,html,3ad6b48b,DH4533,2026-04-10,22:30:52,-07:00,2026-04-10T22:30:52-07:00,2,3
resume/index.html,36,html,3ad6b48b,DH4533,2026-04-10,22:30:52,-07:00,2026-04-10T22:30:52-07:00,1,8
resume/index.html,37,html,3ad6b48b,DH4533,2026-04-10,22:30:52,-07:00,2026-04-10T22:30:52-07:00,0,0
resume/index.html,38,html,3ad6b48b,DH4533,2026-04-10,22:30:52,-07:00,2026-04-10T22:30:52-07:00,0,8
resume/index.html,39,html,3ad6b48b,DH4533,2026-04-10,22:30:52,-07:00,2026-04-10T22:30:52-07:00,0,0
resume/index.html,40,html,1af54b40,DH4533,2026-04-04,13:17:56,-07:00,2026-04-04T13:17:56-07:00,0,7
resume/index.html,41,html,1af54b40,DH4533,2026-04-04,13:17:56,-07:00,2026-04-04T13:17:56-07:00,2,15
resume/index.html,42,html,1af54b40,DH4533,2026-04-04,13:17:56,-07:00,2026-04-04T13:17:56-07:00,0,0
resume/index.html,43,html,1af54b40,DH4533,2026-04-04,13:17:56,-07:00,2026-04-04T13:17:56-07:00,2,7
resume/index.html,44,html,1af54b40,DH4533,2026-04-04,13:17:56,-07:00,2026-04-04T13:17:56-07:00,4,32
resume/index.html,45,html,1af54b40,DH4533,2026-04-04,13:17:56,-07:00,2026-04-04T13:17:56-07:00,4,72
resume/index.html,46,html,1af54b40,DH4533,2026-04-04,13:17:56,-07:00,2026-04-04T13:17:56-07:00,2,8
resume/index.html,47,html,1af54b40,DH4533,2026-04-04,13:17:56,-07:00,2026-04-04T13:17:56-07:00,0,0
resume/index.html,48,html,1af54b40,DH4533,2026-04-04,13:17:56,-07:00,2026-04-04T13:17:56-07:00,0,8
resume/index.html,49,html,42f9fd73,DH4533,2026-04-03,20:49:30,-07:00,2026-04-03T20:49:30-07:00,0,5
resume/index.html,50,html,42f9fd73,DH4533,2026-04-03,20:49:30,-07:00,2026-04-03T20:49:30-07:00,0,5
projects/projects.js,1,js,b86f178b,DH4533,2026-05-09,14:56:43,-07:00,2026-05-09T14:56:43-07:00,0,0
projects/projects.js,2,js,2438e44a,DH4533,2026-04-24,20:42:51,-07:00,2026-04-24T20:42:51-07:00,0,55
projects/projects.js,3,js,2438e44a,DH4533,2026-04-24,20:42:51,-07:00,2026-04-24T20:42:51-07:00,0,0
projects/projects.js,4,js,2438e44a,DH4533,2026-04-24,20:42:51,-07:00,2026-04-24T20:42:51-07:00,0,55
projects/projects.js,5,js,2438e44a,DH4533,2026-04-24,20:42:51,-07:00,2026-04-24T20:42:51-07:00,0,0
projects/projects.js,6,js,2438e44a,DH4533,2026-04-24,20:42:51,-07:00,2026-04-24T20:42:51-07:00,0,60
projects/projects.js,7,js,2438e44a,DH4533,2026-04-24,20:42:51,-07:00,2026-04-24T20:42:51-07:00,0,0
projects/projects.js,8,js,2438e44a,DH4533,2026-04-24,20:42:51,-07:00,2026-04-24T20:42:51-07:00,0,48
projects/projects.js,9,js,2438e44a,DH4533,2026-04-24,20:42:51,-07:00,2026-04-24T20:42:51-07:00,0,0
projects/projects.js,10,js,2438e44a,DH4533,2026-04-24,20:42:51,-07:00,2026-04-24T20:42:51-07:00,0,61
projects/projects.js,11,js,2438e44a,DH4533,2026-04-24,20:42:51,-07:00,2026-04-24T20:42:51-07:00,0,0
projects/projects.js,12,js,2438e44a,DH4533,2026-04-24,20:42:51,-07:00,2026-04-24T20:42:51-07:00,0,29
projects/projects.js,13,js,2438e44a,DH4533,2026-04-24,20:42:51,-07:00,2026-04-24T20:42:51-07:00,1,55
projects/projects.js,14,js,aefc2e1b,DH4533,2026-05-01,19:21:30,-07:00,2026-05-01T19:21:30-07:00,0,0
projects/projects.js,15,js,aefc2e1b,DH4533,2026-05-01,19:21:30,-07:00,2026-05-01T19:21:30-07:00,0,0
projects/projects.js,16,js,aefc2e1b,DH4533,2026-05-01,19:21:30,-07:00,2026-05-01T19:21:30-07:00,0,63
projects/projects.js,17,js,aefc2e1b,DH4533,2026-05-01,19:21:30,-07:00,2026-05-01T19:21:30-07:00,0,0
projects/projects.js,18,js,aefc2e1b,DH4533,2026-05-01,19:21:30,-07:00,2026-05-01T19:21:30-07:00,0,35
projects/projects.js,19,js,aefc2e1b,DH4533,2026-05-01,19:21:30,-07:00,2026-05-01T19:21:30-07:00,0,0
projects/projects.js,20,js,aefc2e1b,DH4533,2026-05-01,19:21:30,-07:00,2026-05-01T19:21:30-07:00,0,38
projects/projects.js,21,js,aefc2e1b,DH4533,2026-05-01,19:21:30,-07:00,2026-05-01T19:21:30-07:00,1,11
projects/projects.js,22,js,aefc2e1b,DH4533,2026-05-01,19:21:30,-07:00,2026-05-01T19:21:30-07:00,1,26
projects/projects.js,23,js,aefc2e1b,DH4533,2026-05-01,19:21:30,-07:00,2026-05-01T19:21:30-07:00,2,12
projects/projects.js,24,js,aefc2e1b,DH4533,2026-05-01,19:21:30,-07:00,2026-05-01T19:21:30-07:00,2,14
projects/projects.js,25,js,aefc2e1b,DH4533,2026-05-01,19:21:30,-07:00,2026-05-01T19:21:30-07:00,2,11
projects/projects.js,26,js,aefc2e1b,DH4533,2026-05-01,19:21:30,-07:00,2026-05-01T19:21:30-07:00,1,0
projects/projects.js,27,js,aefc2e1b,DH4533,2026-05-01,19:21:30,-07:00,2026-05-01T19:21:30-07:00,0,0
projects/projects.js,28,js,aefc2e1b,DH4533,2026-05-01,19:21:30,-07:00,2026-05-01T19:21:30-07:00,1,45
projects/projects.js,29,js,aefc2e1b,DH4533,2026-05-01,19:21:30,-07:00,2026-05-01T19:21:30-07:00,2,11
projects/projects.js,30,js,aefc2e1b,DH4533,2026-05-01,19:21:30,-07:00,2026-05-01T19:21:30-07:00,2,9
projects/projects.js,31,js,aefc2e1b,DH4533,2026-05-01,19:21:30,-07:00,2026-05-01T19:21:30-07:00,1,2
projects/projects.js,32,js,aefc2e1b,DH4533,2026-05-01,19:21:30,-07:00,2026-05-01T19:21:30-07:00,0,0
projects/projects.js,33,js,aefc2e1b,DH4533,2026-05-01,19:21:30,-07:00,2026-05-01T19:21:30-07:00,1,11
projects/projects.js,34,js,aefc2e1b,DH4533,2026-05-01,19:21:30,-07:00,2026-05-01T19:21:30-07:00,1,37
projects/projects.js,35,js,aefc2e1b,DH4533,2026-05-01,19:21:30,-07:00,2026-05-01T19:21:30-07:00,1,57
projects/projects.js,36,js,aefc2e1b,DH4533,2026-05-01,19:21:30,-07:00,2026-05-01T19:21:30-07:00,1,22
projects/projects.js,37,js,aefc2e1b,DH4533,2026-05-01,19:21:30,-07:00,2026-05-01T19:21:30-07:00,0,0
projects/projects.js,38,js,aefc2e1b,DH4533,2026-05-01,19:21:30,-07:00,2026-05-01T19:21:30-07:00,1,47
projects/projects.js,39,js,aefc2e1b,DH4533,2026-05-01,19:21:30,-07:00,2026-05-01T19:21:30-07:00,0,0
projects/projects.js,40,js,aefc2e1b,DH4533,2026-05-01,19:21:30,-07:00,2026-05-01T19:21:30-07:00,1,28
projects/projects.js,41,js,aefc2e1b,DH4533,2026-05-01,19:21:30,-07:00,2026-05-01T19:21:30-07:00,1,40
projects/projects.js,42,js,aefc2e1b,DH4533,2026-05-01,19:21:30,-07:00,2026-05-01T19:21:30-07:00,1,29
projects/projects.js,43,js,aefc2e1b,DH4533,2026-05-01,19:21:30,-07:00,2026-05-01T19:21:30-07:00,0,0
projects/projects.js,44,js,aefc2e1b,DH4533,2026-05-01,19:21:30,-07:00,2026-05-01T19:21:30-07:00,1,32
projects/projects.js,45,js,aefc2e1b,DH4533,2026-05-01,19:21:30,-07:00,2026-05-01T19:21:30-07:00,1,30
projects/projects.js,46,js,aefc2e1b,DH4533,2026-05-01,19:21:30,-07:00,2026-05-01T19:21:30-07:00,0,0
projects/projects.js,47,js,aefc2e1b,DH4533,2026-05-01,19:21:30,-07:00,2026-05-01T19:21:30-07:00,1,12
projects/projects.js,48,js,aefc2e1b,DH4533,2026-05-01,19:21:30,-07:00,2026-05-01T19:21:30-07:00,1,25
projects/projects.js,49,js,aefc2e1b,DH4533,2026-05-01,19:21:30,-07:00,2026-05-01T19:21:30-07:00,2,16
projects/projects.js,50,js,aefc2e1b,DH4533,2026-05-01,19:21:30,-07:00,2026-05-01T19:21:30-07:00,3,25
projects/projects.js,51,js,aefc2e1b,DH4533,2026-05-01,19:21:30,-07:00,2026-05-01T19:21:30-07:00,3,22
projects/projects.js,52,js,aefc2e1b,DH4533,2026-05-01,19:21:30,-07:00,2026-05-01T19:21:30-07:00,3,51
projects/projects.js,53,js,aefc2e1b,DH4533,2026-05-01,19:21:30,-07:00,2026-05-01T19:21:30-07:00,3,18
projects/projects.js,54,js,aefc2e1b,DH4533,2026-05-01,19:21:30,-07:00,2026-05-01T19:21:30-07:00,4,17
projects/projects.js,55,js,aefc2e1b,DH4533,2026-05-01,19:21:30,-07:00,2026-05-01T19:21:30-07:00,4,43
projects/projects.js,56,js,aefc2e1b,DH4533,2026-05-01,19:21:30,-07:00,2026-05-01T19:21:30-07:00,0,0
projects/projects.js,57,js,aefc2e1b,DH4533,2026-05-01,19:21:30,-07:00,2026-05-01T19:21:30-07:00,4,21
projects/projects.js,58,js,aefc2e1b,DH4533,2026-05-01,19:21:30,-07:00,2026-05-01T19:21:30-07:00,4,28
projects/projects.js,59,js,aefc2e1b,DH4533,2026-05-01,19:21:30,-07:00,2026-05-01T19:21:30-07:00,4,36
projects/projects.js,60,js,aefc2e1b,DH4533,2026-05-01,19:21:30,-07:00,2026-05-01T19:21:30-07:00,3,1
projects/projects.js,61,js,aefc2e1b,DH4533,2026-05-01,19:21:30,-07:00,2026-05-01T19:21:30-07:00,1,1
projects/projects.js,62,js,aefc2e1b,DH4533,2026-05-01,19:21:30,-07:00,2026-05-01T19:21:30-07:00,0,0
projects/projects.js,63,js,aefc2e1b,DH4533,2026-05-01,19:21:30,-07:00,2026-05-01T19:21:30-07:00,1,13
projects/projects.js,64,js,aefc2e1b,DH4533,2026-05-01,19:21:30,-07:00,2026-05-01T19:21:30-07:00,1,22
projects/projects.js,65,js,aefc2e1b,DH4533,2026-05-01,19:21:30,-07:00,2026-05-01T19:21:30-07:00,2,17
projects/projects.js,66,js,aefc2e1b,DH4533,2026-05-01,19:21:30,-07:00,2026-05-01T19:21:30-07:00,3,36
projects/projects.js,67,js,aefc2e1b,DH4533,2026-05-01,19:21:30,-07:00,2026-05-01T19:21:30-07:00,3,68
projects/projects.js,68,js,aefc2e1b,DH4533,2026-05-01,19:21:30,-07:00,2026-05-01T19:21:30-07:00,3,5
projects/projects.js,69,js,aefc2e1b,DH4533,2026-05-01,19:21:30,-07:00,2026-05-01T19:21:30-07:00,4,26
projects/projects.js,70,js,aefc2e1b,DH4533,2026-05-01,19:21:30,-07:00,2026-05-01T19:21:30-07:00,4,30
projects/projects.js,71,js,aefc2e1b,DH4533,2026-05-01,19:21:30,-07:00,2026-05-01T19:21:30-07:00,3,0
projects/projects.js,72,js,aefc2e1b,DH4533,2026-05-01,19:21:30,-07:00,2026-05-01T19:21:30-07:00,3,18
projects/projects.js,73,js,aefc2e1b,DH4533,2026-05-01,19:21:30,-07:00,2026-05-01T19:21:30-07:00,4,43
projects/projects.js,74,js,aefc2e1b,DH4533,2026-05-01,19:21:30,-07:00,2026-05-01T19:21:30-07:00,0,0
projects/projects.js,75,js,aefc2e1b,DH4533,2026-05-01,19:21:30,-07:00,2026-05-01T19:21:30-07:00,4,28
projects/projects.js,76,js,aefc2e1b,DH4533,2026-05-01,19:21:30,-07:00,2026-05-01T19:21:30-07:00,4,36
projects/projects.js,77,js,aefc2e1b,DH4533,2026-05-01,19:21:30,-07:00,2026-05-01T19:21:30-07:00,3,1
projects/projects.js,78,js,aefc2e1b,DH4533,2026-05-01,19:21:30,-07:00,2026-05-01T19:21:30-07:00,1,1
projects/projects.js,79,js,aefc2e1b,DH4533,2026-05-01,19:21:30,-07:00,2026-05-01T19:21:30-07:00,0,0
projects/projects.js,80,js,aefc2e1b,DH4533,2026-05-01,19:21:30,-07:00,2026-05-01T19:21:30-07:00,0,0
projects/projects.js,81,js,aefc2e1b,DH4533,2026-05-01,19:21:30,-07:00,2026-05-01T19:21:30-07:00,0,13
projects/projects.js,82,js,aefc2e1b,DH4533,2026-05-01,19:21:30,-07:00,2026-05-01T19:21:30-07:00,0,53
projects/projects.js,83,js,aefc2e1b,DH4533,2026-05-01,19:21:30,-07:00,2026-05-01T19:21:30-07:00,0,0
projects/projects.js,84,js,aefc2e1b,DH4533,2026-05-01,19:21:30,-07:00,2026-05-01T19:21:30-07:00,0,48
projects/projects.js,85,js,aefc2e1b,DH4533,2026-05-01,19:21:30,-07:00,2026-05-01T19:21:30-07:00,1,25
projects/projects.js,86,js,aefc2e1b,DH4533,2026-05-01,19:21:30,-07:00,2026-05-01T19:21:30-07:00,0,0
projects/projects.js,87,js,aefc2e1b,DH4533,2026-05-01,19:21:30,-07:00,2026-05-01T19:21:30-07:00,1,51
projects/projects.js,88,js,aefc2e1b,DH4533,2026-05-01,19:21:30,-07:00,2026-05-01T19:21:30-07:00,2,59
projects/projects.js,89,js,aefc2e1b,DH4533,2026-05-01,19:21:30,-07:00,2026-05-01T19:21:30-07:00,2,42
projects/projects.js,90,js,aefc2e1b,DH4533,2026-05-01,19:21:30,-07:00,2026-05-01T19:21:30-07:00,1,1
projects/projects.js,91,js,aefc2e1b,DH4533,2026-05-01,19:21:30,-07:00,2026-05-01T19:21:30-07:00,0,0
projects/projects.js,92,js,aefc2e1b,DH4533,2026-05-01,19:21:30,-07:00,2026-05-01T19:21:30-07:00,1,56
projects/projects.js,93,js,aefc2e1b,DH4533,2026-05-01,19:21:30,-07:00,2026-05-01T19:21:30-07:00,1,31
projects/projects.js,94,js,aefc2e1b,DH4533,2026-05-01,19:21:30,-07:00,2026-05-01T19:21:30-07:00,0,1
projects/projects.js,95,js,aefc2e1b,DH4533,2026-05-01,19:21:30,-07:00,2026-05-01T19:21:30-07:00,0,0
projects/projects.js,96,js,aefc2e1b,DH4533,2026-05-01,19:21:30,-07:00,2026-05-01T19:21:30-07:00,0,48
projects/projects.js,97,js,aefc2e1b,DH4533,2026-05-01,19:21:30,-07:00,2026-05-01T19:21:30-07:00,0,23
projects/projects.js,98,js,aefc2e1b,DH4533,2026-05-01,19:21:30,-07:00,2026-05-01T19:21:30-07:00,0,0
projects/projects.js,99,js,aefc2e1b,DH4533,2026-05-01,19:21:30,-07:00,2026-05-01T19:21:30-07:00,0,46
projects/projects.js,100,js,aefc2e1b,DH4533,2026-05-01,19:21:30,-07:00,2026-05-01T19:21:30-07:00,1,25
projects/projects.js,101,js,aefc2e1b,DH4533,2026-05-01,19:21:30,-07:00,2026-05-01T19:21:30-07:00,2,53
projects/projects.js,102,js,aefc2e1b,DH4533,2026-05-01,19:21:30,-07:00,2026-05-01T19:21:30-07:00,1,6
projects/projects.js,103,js,aefc2e1b,DH4533,2026-05-01,19:21:30,-07:00,2026-05-01T19:21:30-07:00,2,43
projects/projects.js,104,js,aefc2e1b,DH4533,2026-05-01,19:21:30,-07:00,2026-05-01T19:21:30-07:00,0,0
projects/projects.js,105,js,aefc2e1b,DH4533,2026-05-01,19:21:30,-07:00,2026-05-01T19:21:30-07:00,2,34
projects/projects.js,106,js,aefc2e1b,DH4533,2026-05-01,19:21:30,-07:00,2026-05-01T19:21:30-07:00,3,28
projects/projects.js,107,js,aefc2e1b,DH4533,2026-05-01,19:21:30,-07:00,2026-05-01T19:21:30-07:00,2,0
projects/projects.js,108,js,aefc2e1b,DH4533,2026-05-01,19:21:30,-07:00,2026-05-01T19:21:30-07:00,0,0
projects/projects.js,109,js,aefc2e1b,DH4533,2026-05-01,19:21:30,-07:00,2026-05-01T19:21:30-07:00,2,48
projects/projects.js,110,js,aefc2e1b,DH4533,2026-05-01,19:21:30,-07:00,2026-05-01T19:21:30-07:00,1,0
projects/projects.js,111,js,2438e44a,DH4533,2026-04-24,20:42:51,-07:00,2026-04-24T20:42:51-07:00,0,0
projects/index.html,1,html,42f9fd73,DH4533,2026-04-03,20:49:30,-07:00,2026-04-03T20:49:30-07:00,0,13
projects/index.html,2,html,42f9fd73,DH4533,2026-04-03,20:49:30,-07:00,2026-04-03T20:49:30-07:00,0,14
projects/index.html,3,html,42f9fd73,DH4533,2026-04-03,20:49:30,-07:00,2026-04-03T20:49:30-07:00,0,4
projects/index.html,4,html,42f9fd73,DH4533,2026-04-03,20:49:30,-07:00,2026-04-03T20:49:30-07:00,2,20
projects/index.html,5,html,42f9fd73,DH4533,2026-04-03,20:49:30,-07:00,2026-04-03T20:49:30-07:00,2,68
projects/index.html,6,html,42f9fd73,DH4533,2026-04-03,20:49:30,-07:00,2026-04-03T20:49:30-07:00,2,21
projects/index.html,7,html,42f9fd73,DH4533,2026-04-03,20:49:30,-07:00,2026-04-03T20:49:30-07:00,2,41
projects/index.html,8,html,58bedbe8,DH4533,2026-04-17,21:03:58,-07:00,2026-04-17T21:03:58-07:00,2,48
projects/index.html,9,html,2438e44a,DH4533,2026-04-24,20:42:51,-07:00,2026-04-24T20:42:51-07:00,2,48
projects/index.html,10,html,2438e44a,DH4533,2026-04-24,20:42:51,-07:00,2026-04-24T20:42:51-07:00,2,47
projects/index.html,11,html,42f9fd73,DH4533,2026-04-03,20:49:30,-07:00,2026-04-03T20:49:30-07:00,0,5
projects/index.html,12,html,42f9fd73,DH4533,2026-04-03,20:49:30,-07:00,2026-04-03T20:49:30-07:00,0,4
projects/index.html,13,html,2438e44a,DH4533,2026-04-24,20:42:51,-07:00,2026-04-24T20:42:51-07:00,2,38
projects/index.html,14,html,b86f178b,DH4533,2026-05-09,14:56:43,-07:00,2026-05-09T14:56:43-07:00,0,0
projects/index.html,15,html,aefc2e1b,DH4533,2026-05-01,19:21:30,-07:00,2026-05-01T19:21:30-07:00,2,21
projects/index.html,16,html,aefc2e1b,DH4533,2026-05-01,19:21:30,-07:00,2026-05-01T19:21:30-07:00,4,58
projects/index.html,17,html,aefc2e1b,DH4533,2026-05-01,19:21:30,-07:00,2026-05-01T19:21:30-07:00,4,22
projects/index.html,18,html,aefc2e1b,DH4533,2026-05-01,19:21:30,-07:00,2026-05-01T19:21:30-07:00,2,4
projects/index.html,19,html,aefc2e1b,DH4533,2026-05-01,19:21:30,-07:00,2026-05-01T19:21:30-07:00,2,4
projects/index.html,20,html,aefc2e1b,DH4533,2026-05-01,19:21:30,-07:00,2026-05-01T19:21:30-07:00,4,15
projects/index.html,21,html,aefc2e1b,DH4533,2026-05-01,19:21:30,-07:00,2026-05-01T19:21:30-07:00,4,11
projects/index.html,22,html,aefc2e1b,DH4533,2026-05-01,19:21:30,-07:00,2026-05-01T19:21:30-07:00,4,26
projects/index.html,23,html,aefc2e1b,DH4533,2026-05-01,19:21:30,-07:00,2026-05-01T19:21:30-07:00,4,31
projects/index.html,24,html,aefc2e1b,DH4533,2026-05-01,19:21:30,-07:00,2026-05-01T19:21:30-07:00,2,0
projects/index.html,25,html,b86f178b,DH4533,2026-05-09,14:56:43,-07:00,2026-05-09T14:56:43-07:00,2,0
projects/index.html,26,html,557cffbf,DH4533,2026-04-10,16:54:16,-07:00,2026-04-10T16:54:16-07:00,2,20
projects/index.html,27,html,557cffbf,DH4533,2026-04-10,16:54:16,-07:00,2026-04-10T16:54:16-07:00,2,4
projects/index.html,28,html,42f9fd73,DH4533,2026-04-03,20:49:30,-07:00,2026-04-03T20:49:30-07:00,0,5
projects/index.html,29,html,42f9fd73,DH4533,2026-04-03,20:49:30,-07:00,2026-04-03T20:49:30-07:00,0,5
contact/index.html,1,html,42f9fd73,DH4533,2026-04-03,20:49:30,-07:00,2026-04-03T20:49:30-07:00,0,13
contact/index.html,2,html,42f9fd73,DH4533,2026-04-03,20:49:30,-07:00,2026-04-03T20:49:30-07:00,0,14
contact/index.html,3,html,42f9fd73,DH4533,2026-04-03,20:49:30,-07:00,2026-04-03T20:49:30-07:00,0,4
contact/index.html,4,html,42f9fd73,DH4533,2026-04-03,20:49:30,-07:00,2026-04-03T20:49:30-07:00,2,20
contact/index.html,5,html,42f9fd73,DH4533,2026-04-03,20:49:30,-07:00,2026-04-03T20:49:30-07:00,2,68
contact/index.html,6,html,42f9fd73,DH4533,2026-04-03,20:49:30,-07:00,2026-04-03T20:49:30-07:00,2,20
contact/index.html,7,html,42f9fd73,DH4533,2026-04-03,20:49:30,-07:00,2026-04-03T20:49:30-07:00,2,41
contact/index.html,8,html,58bedbe8,DH4533,2026-04-17,21:03:58,-07:00,2026-04-17T21:03:58-07:00,2,48
contact/index.html,9,html,42f9fd73,DH4533,2026-04-03,20:49:30,-07:00,2026-04-03T20:49:30-07:00,0,5
contact/index.html,10,html,42f9fd73,DH4533,2026-04-03,20:49:30,-07:00,2026-04-03T20:49:30-07:00,0,4
contact/index.html,11,html,42f9fd73,DH4533,2026-04-03,20:49:30,-07:00,2026-04-03T20:49:30-07:00,2,14
contact/index.html,12,html,58bedbe8,DH4533,2026-04-17,21:03:58,-07:00,2026-04-17T21:03:58-07:00,2,36
contact/index.html,13,html,42f9fd73,DH4533,2026-04-03,20:49:30,-07:00,2026-04-03T20:49:30-07:00,2,0
contact/index.html,14,html,42f9fd73,DH4533,2026-04-03,20:49:30,-07:00,2026-04-03T20:49:30-07:00,2,5
contact/index.html,15,html,58bedbe8,DH4533,2026-04-17,21:03:58,-07:00,2026-04-17T21:03:58-07:00,2,6
contact/index.html,16,html,58bedbe8,DH4533,2026-04-17,21:03:58,-07:00,2026-04-17T21:03:58-07:00,2,20
contact/index.html,17,html,58bedbe8,DH4533,2026-04-17,21:03:58,-07:00,2026-04-17T21:03:58-07:00,1,6
contact/index.html,18,html,42f9fd73,DH4533,2026-04-03,20:49:30,-07:00,2026-04-03T20:49:30-07:00,0,0
contact/index.html,19,html,58bedbe8,DH4533,2026-04-17,21:03:58,-07:00,2026-04-17T21:03:58-07:00,1,5
contact/index.html,20,html,58bedbe8,DH4533,2026-04-17,21:03:58,-07:00,2026-04-17T21:03:58-07:00,2,6
contact/index.html,21,html,58bedbe8,DH4533,2026-04-17,21:03:58,-07:00,2026-04-17T21:03:58-07:00,2,31
contact/index.html,22,html,58bedbe8,DH4533,2026-04-17,21:03:58,-07:00,2026-04-17T21:03:58-07:00,1,6
contact/index.html,23,html,42f9fd73,DH4533,2026-04-03,20:49:30,-07:00,2026-04-03T20:49:30-07:00,0,0
contact/index.html,24,html,58bedbe8,DH4533,2026-04-17,21:03:58,-07:00,2026-04-17T21:03:58-07:00,1,19
contact/index.html,25,html,42f9fd73,DH4533,2026-04-03,20:49:30,-07:00,2026-04-03T20:49:30-07:00,0,0
contact/index.html,26,html,42f9fd73,DH4533,2026-04-03,20:49:30,-07:00,2026-04-03T20:49:30-07:00,0,5
contact/index.html,27,html,42f9fd73,DH4533,2026-04-03,20:49:30,-07:00,2026-04-03T20:49:30-07:00,0,5
contact/index.html,28,html,42f9fd73,DH4533,2026-04-03,20:49:30,-07:00,2026-04-03T20:49:30-07:00,0,5
